{
    "return_count": 11,
    "has_more": false,
    "page_id": "/__all__/",
    "_ck": {},
    "html": null,
    "data": [
        {
            "comment": "股市风险大啊",
            "good": "4",
            "media_name": "湖北卫视天生我财",
            "ban_comment": 0,
            "abstract": "往日龙头成骄兵，一夜风雨便凋零。跌停封板伤人心，更怕退潮无行情。昨日雄安新区概念板块大幅下挫，指数跌幅达5.48%。前期涨停的板块龙头银龙股份，也低开低走，尾盘大单封住跌停板，数字政通、金隅股份等也纷纷加速下跌直至跌停板，雄安新区的大跌是否意味着退潮？后市该如何操作？",
            "image_list": [{
                    "url": "http://p3.pstatp.com/list/1c610005291b05b163e5",
                    "width": 960,
                    "height": 540
                },
                {
                    "url": "http://p3.pstatp.com/list/1c5e0005302b4c2c2e46",
                    "width": 960,
                    "height": 540
                },
                {
                    "url": "http://p3.pstatp.com/list/1c5e000530f7d0d56f8b",
                    "width": 960,
                    "height": 540
                }
            ],
            "datetime": "2017-04-21 13:44",
            "article_type": 0,
            "more_mode": true,
            "tag": "news_finance",
            "has_m3u8_video": 0,
            "keywords": "雄安新区,青龙管业,数字政通,金隅股份,冀东水泥,碧水源,先河环保,海能达,获利盘",
            "display_dt": 1492740785,
            "has_mp4_video": 0,
            "aggr_type": 1,
            "cell_type": 0,
            "article_sub_type": 0,
            "bury_count": 0,
            "title": "最榜单：最快的凋零——雄安新区",
            "source_icon_style": 5,
            "tip": 0,
            "has_video": false,
            "share_url": "http://toutiao.com/a6411270757729681666/?iid=0&app=news_article",
            "source": "湖北卫视天生我财",
            "comment_count": 0,
            "article_url": "http://toutiao.com/group/6411270757729681666/",
            "publish_time": 1492740785,
            "group_flags": 0,
            "gallary_image_count": 9,
            "tag_id": "6411270757729681666",
            "source_url": "/i6411272851973734913/",
            "display_url": "http://toutiao.com/group/6411270757729681666/",
            "is_stick": false,
            "item_id": "6411272851973734913",
            "repin_count": 355,
            "cell_flag": 11,
            "source_open_url": "sslocal://profile?uid=6309910186",
            "level": 0,
            "digg_count": 0,
            "behot_time": 1492753459,
            "hot": 0,
            "cursor": 1492753459999,
            "url": "http://toutiao.com/group/6411270757729681666/",
            "user_repin": 0,
            "has_image": true,
            "video_style": 0,
            "media_info": {
                "avatar_url": "http://p3.pstatp.com/large/411000a242fa07fb94f",
                "media_id": 6393824076,
                "name": "湖北卫视天生我财",
                "user_verified": false
            },
            "group_id": "6411270757729681666"
        },
        {
            "comment": "6666",
            "good": "6",
            "media_name": "樱桃小邋遢biu",
            "ban_comment": 0,
            "abstract": "据爆料：黄晓明最近和家人、妻儿一起到美国度假，14日返程时被在北京机场的网友拍到。黄晓明怀里紧紧抱着儿子“小海绵”，并不时转头回看跟在身后的老婆Angelababy，这过程让人感觉这一家子好幸福。",
            "image_list": [{
                    "url": "http://p9.pstatp.com/list/1c5b0000c57279f62b12",
                    "width": 600,
                    "height": 337
                },
                {
                    "url": "http://p1.pstatp.com/list/1b81000655f3198cc736",
                    "width": 600,
                    "height": 336
                },
                {
                    "url": "http://p9.pstatp.com/list/1b830000bfda51984463",
                    "width": 600,
                    "height": 337
                }
            ],
            "collected": true,
            "datetime": "2017-04-16 16:41",
            "article_type": 0,
            "more_mode": true,
            "tag": "news_entertainment",
            "has_m3u8_video": 0,
            "keywords": "情侣装,黄晓明,海绵,angelababy,北京机场,Angelababy",
            "display_dt": 1492269252,
            "has_mp4_video": 0,
            "aggr_type": 1,
            "cell_type": 0,
            "article_sub_type": 0,
            "bury_count": 1,
            "title": "黄晓明紧抱“小海绵”现身机场，baby紧随其后",
            "source_icon_style": 2,
            "tip": 0,
            "has_video": false,
            "share_url": "http://toutiao.com/a6409243506279268610/?iid=0&app=news_article",
            "source": "樱桃小邋遢biu",
            "comment_count": 57,
            "article_url": "http://toutiao.com/group/6409243506279268610/",
            "publish_time": 1492269252,
            "group_flags": 0,
            "gallary_image_count": 4,
            "tag_id": "6409243506279268610",
            "source_url": "/i6409247635986711041/",
            "display_url": "http://toutiao.com/group/6409243506279268610/",
            "is_stick": false,
            "item_id": "6409247635986711041",
            "repin_count": 280,
            "cell_flag": 11,
            "source_open_url": "sslocal://profile?uid=55186020545",
            "level": 0,
            "digg_count": 10,
            "behot_time": 1492332107,
            "hot": 0,
            "cursor": 1492332107999,
            "url": "http://toutiao.com/group/6409243506279268610/",
            "like_count": 10,
            "user_repin": 0,
            "has_image": true,
            "video_style": 0,
            "media_info": {
                "avatar_url": "http://p3.pstatp.com/large/150d00113261b0b5ef92",
                "media_id": 1558473678318593,
                "name": "樱桃小邋遢biu",
                "user_verified": false
            },
            "group_id": "6409243506279268610"
        }
    ]
}
